,image_name,lm1_true,lm2_true,lm3_true,lm4_true,lm5_true,lm6_true,lm7_true,lm8_true,lm9_true,lm10_true,lm11_true,lm12_true,lm13_true,lm14_true,,,,,
0,egfr_F_R_oly_2X_102.jpg,"[537, 311]","[536, 316]","[565, 389]","[499, 348]","[485, 356]","[432, 334]","[433, 396]","[408, 343]","[973, 541]","[927, 594]","[643, 470]","[448, 387]","[899, 411]","[668, 616]","[438, 295]","[554, 404]","[616, 510]","[618, 513]",
1,egfr_F_R_oly_2X_105.jpg,"[540, 384]","[495, 376]","[463, 418]","[443, 370]","[984, 655]","[932, 698]","[661, 533]","[480, 413]","[928, 505]","[664, 685]","[465, 324]","[476, 325]","[590, 448]","[624, 568]","[628, 567]",,,,
2,egfr_F_R_oly_2X_106.jpg,"[531, 349]","[562, 430]","[479, 399]","[421, 378]","[397, 398]","[1001, 556]","[969, 613]","[654, 515]","[436, 444]","[921, 427]","[699, 664]","[412, 338]","[424, 335]","[551, 448]","[633, 564]",,,,
3,egfr_F_R_oly_2X_116.jpg,"[530, 350]","[516, 360]","[560, 430]","[477, 402]","[413, 382]","[416, 456]","[387, 408]","[1013, 527]","[982, 582]","[651, 506]","[437, 444]","[911, 402]","[701, 656]","[409, 344]","[546, 449]","[631, 554]",,,
4,egfr_F_R_oly_2X_120.jpg,"[583, 351]","[536, 384]","[492, 368]","[463, 424]","[464, 435]","[442, 373]","[1008, 605]","[968, 657]","[686, 526]","[489, 419]","[932, 466]","[697, 672]","[478, 324]","[592, 447]","[647, 565]",,,,
5,egfr_F_R_oly_2X_25.jpg,"[539, 352]","[543, 356]","[491, 406]","[432, 382]","[406, 406]","[1030, 534]","[990, 592]","[671, 504]","[454, 452]","[934, 409]","[725, 653]","[427, 350]","[565, 448]","[645, 547]",,,,,
6,egfr_F_R_oly_2X_28.jpg,"[562, 323]","[516, 378]","[460, 426]","[434, 370]","[1036, 483]","[1003, 545]","[686, 468]","[477, 411]","[935, 361]","[740, 614]","[446, 324]","[588, 411]","[665, 517]",,,,,,
7,egfr_F_R_oly_2X_29.jpg,"[564, 311]","[598, 390]","[512, 364]","[457, 341]","[460, 418]","[422, 364]","[1055, 490]","[1019, 547]","[701, 467]","[473, 402]","[969, 366]","[752, 615]","[446, 306]","[590, 409]","[673, 510]","[675, 514]",,,
8,egfr_F_R_oly_2X_32.jpg,"[566, 296]","[603, 377]","[517, 348]","[456, 332]","[465, 404]","[429, 358]","[1043, 470]","[1012, 535]","[703, 450]","[484, 384]","[953, 347]","[751, 601]","[447, 294]","[596, 397]","[677, 501]",,,,
9,egfr_F_R_oly_2X_38.jpg,"[551, 327]","[584, 415]","[497, 379]","[438, 359]","[443, 434]","[413, 380]","[1027, 506]","[997, 562]","[683, 482]","[460, 418]","[934, 380]","[726, 626]","[436, 323]","[656, 524]",,,,,
10,egfr_F_R_oly_2X_41.jpg,"[579, 269]","[617, 351]","[530, 328]","[465, 303]","[469, 380]","[438, 332]","[1080, 446]","[1042, 504]","[720, 425]","[486, 373]","[987, 319]","[772, 577]","[456, 267]","[610, 369]","[697, 478]", 0.9874978],,,
11,egfr_F_R_oly_2X_43.jpg,"[580, 283]","[611, 351]","[539, 335]","[479, 320]","[458, 335]","[1030, 427]","[1002, 484]","[711, 422]","[503, 373]","[754, 557]","[479, 289]","[612, 367]","[687, 465]",,,,,,
12,egfr_F_R_oly_2X_45.jpg,"[585, 336]","[615, 420]","[541, 384]","[483, 368]","[493, 437]","[456, 383]","[1039, 500]","[1011, 556]","[714, 482]","[508, 421]","[948, 381]","[756, 615]","[459, 328]","[479, 329]","[693, 527]",,,,
13,egfr_F_R_oly_2X_47.jpg,"[580, 324]","[533, 380]","[478, 364]","[480, 437]","[449, 382]","[1065, 494]","[1032, 554]","[724, 477]","[500, 423]","[970, 368]","[770, 618]","[462, 323]","[619, 419]","[700, 524]",,,,,
14,egfr_F_R_oly_2X_54.jpg,"[553, 311]","[594, 383]","[499, 365]","[534, 364]","[462, 335]","[441, 362]","[1001, 456]","[972, 514]","[684, 445]","[485, 402]","[912, 339]","[727, 570]","[448, 305]","[585, 401]","[666, 487]",,,,
15,egfr_F_R_oly_2X_74.jpg,"[561, 426]","[477, 405]","[423, 380]","[395, 412]","[996, 496]","[971, 555]","[655, 491]","[437, 449]","[895, 377]","[706, 634]","[404, 350]","[556, 445]","[634, 536]",,,,,,
16,egfr_F_R_oly_2X_86.jpg,"[546, 334]","[581, 414]","[486, 382]","[434, 363]","[442, 435]","[412, 381]","[1009, 529]","[972, 587]","[665, 487]","[458, 418]","[918, 400]","[703, 639]","[432, 324]","[572, 435]","[639, 535]",,,,
17,egfr_M_R_oly_2X_117.jpg,"[587, 369]","[549, 411]","[511, 447]","[485, 407]","[992, 533]","[995, 534]","[968, 586]","[695, 502]","[908, 418]","[723, 634]","[500, 365]","[604, 448]","[671, 540]",,,,,,
18,egfr_M_R_oly_2X_120.jpg,"[592, 385]","[553, 425]","[500, 422]","[512, 475]","[502, 442]","[997, 538]","[965, 593]","[690, 529]","[531, 448]","[918, 428]","[741, 641]","[505, 378]","[618, 462]","[683, 555]",,,,,
19,egfr_M_R_oly_2X_123.jpg,"[566, 367]","[489, 402]","[528, 417]","[450, 418]","[998, 527]","[965, 585]","[687, 503]","[486, 451]","[912, 408]","[720, 638]","[465, 360]","[595, 449]","[663, 545]",,,,,,
20,egfr_M_R_oly_2X_124.jpg,"[553, 350]","[587, 418]","[500, 408]","[462, 375]","[481, 438]","[450, 402]","[982, 492]","[952, 544]","[668, 481]","[893, 378]","[722, 604]","[449, 346]","[579, 436]","[657, 517]",,,,,
21,egfr_M_R_oly_2X_126.jpg,"[581, 349]","[600, 423]","[533, 397]","[478, 371]","[481, 439]","[453, 386]","[449, 397]","[1008, 542]","[975, 596]","[689, 501]","[503, 425]","[931, 421]","[725, 646]","[463, 333]","[589, 445]","[668, 546]",,,
22,egfr_M_R_oly_2X_13.jpg,"[557, 385]","[585, 455]","[498, 423]","[482, 476]","[458, 438]","[958, 523]","[934, 572]","[659, 507]","[496, 451]","[877, 413]","[711, 627]","[712, 633]","[451, 387]","[541, 444]","[651, 537]",,,,
23,egfr_M_R_oly_2X_137.jpg,"[581, 388]","[604, 458]","[546, 425]","[497, 418]","[510, 477]","[981, 517]","[951, 570]","[692, 508]","[499, 446]","[885, 416]","[479, 385]","[671, 546]",,,,,,,
24,egfr_M_R_oly_2X_140.jpg,"[567, 358]","[602, 427]","[528, 403]","[476, 378]","[452, 405]","[989, 515]","[957, 563]","[684, 489]","[494, 447]","[907, 397]","[725, 620]","[456, 350]","[588, 447]","[669, 529]",,,,,
25,egfr_M_R_oly_2X_17.jpg,"[555, 356]","[584, 426]","[510, 405]","[456, 372]","[467, 456]","[432, 407]","[987, 494]","[959, 554]","[673, 494]","[476, 442]","[901, 388]","[720, 622]","[441, 352]","[579, 446]","[656, 534]",,,,
26,egfr_M_R_oly_2X_19.jpg,"[562, 345]","[586, 418]","[509, 389]","[454, 375]","[460, 439]","[437, 399]","[980, 509]","[977, 517]","[949, 562]","[666, 490]","[492, 410]","[709, 618]","[455, 337]","[647, 527]",,,,,
27,egfr_M_R_oly_2X_29.jpg,"[565, 365]","[588, 429]","[499, 405]","[527, 411]","[467, 451]","[443, 410]","[982, 519]","[952, 568]","[667, 494]","[482, 444]","[896, 406]","[711, 619]","[458, 365]","[584, 448]","[645, 534]",,,,
28,egfr_M_R_oly_2X_4.jpg,"[567, 386]","[592, 457]","[534, 439]","[464, 421]","[482, 420]","[480, 479]","[452, 437]","[989, 533]","[959, 583]","[681, 516]","[496, 461]","[903, 420]","[726, 643]","[457, 384]","[663, 555]",,,,
29,egfr_M_R_oly_2X_58.jpg,"[551, 359]","[579, 427]","[503, 405]","[449, 378]","[462, 447]","[430, 404]","[986, 519]","[952, 571]","[664, 499]","[897, 400]","[708, 635]","[437, 351]","[567, 447]","[641, 543]",,,,,
30,egfr_M_R_oly_2X_6.jpg,"[560, 370]","[580, 445]","[512, 416]","[464, 458]","[445, 410]","[964, 529]","[931, 584]","[661, 503]","[479, 449]","[883, 416]","[697, 637]","[455, 367]","[567, 450]","[641, 541]",,,,,
31,egfr_M_R_oly_2X_60.jpg,"[564, 361]","[592, 430]","[495, 401]","[528, 410]","[451, 409]","[991, 508]","[961, 566]","[683, 497]","[488, 448]","[904, 398]","[727, 628]","[463, 363]","[585, 446]","[661, 539]",,,,,
32,egfr_M_R_oly_2X_68.jpg,"[535, 360]","[558, 428]","[491, 408]","[435, 399]","[413, 409]","[979, 509]","[950, 569]","[662, 497]","[457, 451]","[707, 635]","[437, 370]","[558, 443]","[638, 541]",,,,,,
33,egfr_M_R_oly_2X_71.jpg,"[554, 377]","[497, 414]","[528, 424]","[482, 476]","[462, 425]","[447, 435]","[999, 482]","[976, 539]","[688, 496]","[493, 463]","[906, 376]","[751, 624]","[453, 378]","[593, 448]","[675, 538]",,,,
34,egfr_M_R_oly_2X_75.jpg,"[599, 330]","[544, 340]","[504, 370]","[495, 326]","[933, 626]","[874, 671]","[650, 495]","[530, 286]","[608, 403]","[632, 522]",,,,,,,,,
35,egfr_M_R_oly_2X_77.jpg,"[569, 370]","[531, 419]","[481, 403]","[453, 420]","[988, 520]","[960, 575]","[681, 500]","[497, 455]","[896, 409]","[720, 628]","[720, 633]","[464, 364]","[597, 448]","[661, 538]",,,,,
36,egfr_M_R_oly_2X_8.jpg,"[565, 377]","[491, 415]","[475, 475]","[450, 423]","[970, 515]","[937, 575]","[675, 506]","[493, 456]","[883, 409]","[712, 637]","[462, 374]","[587, 456]","[651, 545]",,,,,,
37,egfr_M_R_oly_2X_82.jpg,"[604, 428]","[535, 406]","[481, 378]","[458, 411]","[1012, 515]","[979, 569]","[695, 495]","[496, 448]","[927, 399]","[741, 633]","[458, 349]","[598, 447]","[675, 536]",,,,,,
38,egfr_M_R_oly_2X_84.jpg,"[610, 347]","[557, 374]","[509, 337]","[505, 409]","[489, 370]","[976, 610]","[929, 659]","[684, 504]","[931, 481]","[689, 651]","[498, 307]","[614, 416]","[599, 438]","[654, 539]",,,,,
39,egfr_M_R_oly_2X_9.jpg,"[580, 446]","[456, 413]","[484, 415]","[467, 482]","[445, 439]","[979, 521]","[950, 577]","[666, 507]","[485, 455]","[894, 406]","[720, 641]","[443, 385]","[560, 440]","[650, 543]",,,,,
40,egfr_M_R_oly_2X_90.jpg,"[551, 351]","[580, 418]","[503, 389]","[495, 402]","[455, 437]","[450, 378]","[970, 543]","[932, 600]","[661, 497]","[885, 423]","[689, 634]","[454, 331]","[567, 440]","[637, 534]",,,,,
41,egfr_M_R_oly_2X_91.jpg,"[560, 369]","[504, 415]","[451, 421]","[972, 504]","[938, 557]","[666, 497]","[488, 454]","[720, 621]","[459, 366]","[585, 447]","[651, 531]",,,,,,,,
42,egfr_M_R_oly_2X_92.jpg,"[601, 373]","[540, 383]","[512, 410]","[494, 371]","[945, 647]","[901, 688]","[656, 541]","[667, 656]","[534, 330]","[611, 442]","[642, 556]",,,,,,,,
43,mam_F_R_oly_2X_102.jpg,"[540, 380]","[577, 452]","[488, 429]","[434, 414]","[445, 482]","[405, 436]","[1026, 542]","[989, 603]","[688, 525]","[453, 465]","[921, 413]","[722, 666]","[410, 373]","[570, 466]","[568, 473]","[656, 574]",,,
44,mam_F_R_oly_2X_104.jpg,"[536, 373]","[489, 422]","[439, 411]","[413, 417]","[1172, 20]","[979, 538]","[947, 598]","[655, 508]","[452, 453]","[885, 418]","[892, 417]","[915, 130]","[701, 647]","[433, 371]","[564, 455]","[856, 45]","[644, 528]","[639, 555]",
45,mam_F_R_oly_2X_105.jpg,"[543, 383]","[579, 457]","[493, 428]","[438, 409]","[442, 478]","[409, 425]","[1011, 565]","[977, 624]","[675, 536]","[458, 462]","[921, 441]","[715, 682]","[430, 371]","[565, 477]","[644, 581]",,,,
46,mam_F_R_oly_2X_108.jpg,"[531, 376]","[485, 428]","[428, 415]","[440, 484]","[396, 436]","[1005, 525]","[974, 586]","[675, 516]","[453, 466]","[911, 409]","[715, 648]","[407, 371]","[564, 458]","[653, 557]",,,,,
47,mam_F_R_oly_2X_113.jpg,"[542, 375]","[576, 449]","[487, 428]","[435, 415]","[447, 482]","[408, 436]","[1018, 523]","[987, 581]","[671, 518]","[456, 465]","[923, 404]","[724, 655]","[410, 371]","[425, 375]","[567, 463]","[654, 557]",,,
48,mam_F_R_oly_2X_122.jpg,"[540, 367]","[492, 409]","[441, 373]","[453, 449]","[413, 404]","[437, 402]","[997, 528]","[964, 586]","[664, 508]","[895, 405]","[700, 649]","[430, 351]","[564, 448]","[645, 536]","[641, 554]",,,,
49,mam_F_R_oly_2X_125.jpg,"[544, 366]","[497, 410]","[444, 374]","[411, 405]","[999, 531]","[968, 595]","[671, 509]","[456, 449]","[909, 410]","[708, 650]","[431, 351]","[565, 448]","[648, 556]",,,,,,
50,mam_F_R_oly_2X_127.jpg,"[535, 359]","[487, 407]","[432, 383]","[405, 408]","[1008, 536]","[974, 596]","[671, 508]","[449, 449]","[907, 407]","[707, 649]","[427, 350]","[564, 448]","[647, 555]",,,,,,
51,mam_F_R_oly_2X_129.jpg,"[540, 351]","[538, 355]","[569, 429]","[484, 400]","[429, 381]","[447, 444]","[407, 404]","[996, 532]","[962, 593]","[663, 503]","[910, 408]","[703, 645]","[413, 344]","[423, 347]","[558, 445]","[642, 546]",,,
52,mam_F_R_oly_2X_131.jpg,"[553, 352]","[549, 356]","[578, 426]","[491, 401]","[448, 378]","[458, 447]","[436, 407]","[1010, 527]","[973, 585]","[668, 499]","[922, 403]","[715, 642]","[434, 346]","[566, 445]","[645, 544]",,,,
53,mam_F_R_oly_2X_143.jpg,"[528, 365]","[479, 421]","[426, 403]","[429, 479]","[397, 426]","[1023, 508]","[991, 570]","[998, 568]","[448, 463]","[917, 389]","[728, 657]","[410, 364]","[561, 453]","[651, 560]",,,,,
54,mam_F_R_oly_2X_144.jpg,"[515, 364]","[464, 417]","[394, 412]","[412, 476]","[998, 521]","[965, 585]","[654, 506]","[428, 456]","[901, 397]","[706, 650]","[394, 363]","[548, 449]","[639, 556]",,,,,,
55,mam_F_R_oly_2X_146.jpg,"[560, 350]","[583, 422]","[498, 401]","[455, 374]","[458, 441]","[428, 401]","[992, 515]","[996, 520]","[962, 577]","[667, 496]","[896, 398]","[709, 627]","[708, 632]","[445, 339]","[571, 444]","[644, 530]",,,
56,mam_F_R_oly_2X_148.jpg,"[546, 359]","[497, 404]","[447, 380]","[458, 444]","[416, 400]","[430, 405]","[1000, 524]","[971, 584]","[674, 504]","[907, 405]","[708, 645]","[436, 346]","[564, 446]","[644, 547]",,,,,
57,mam_F_R_oly_2X_15.jpg,"[517, 386]","[557, 459]","[488, 421]","[429, 415]","[427, 478]","[396, 438]","[980, 542]","[951, 601]","[651, 531]","[444, 461]","[893, 427]","[693, 666]","[405, 374]","[549, 476]","[632, 571]",,,,
58,mam_F_R_oly_2X_29.jpg,"[546, 383]","[505, 420]","[460, 454]","[447, 415]","[928, 526]","[901, 572]","[645, 502]","[477, 444]","[848, 425]","[675, 622]","[456, 369]","[562, 456]","[631, 533]",,,,,,
59,mam_F_R_oly_2X_44.jpg,"[548, 350]","[546, 358]","[583, 422]","[509, 388]","[448, 435]","[441, 374]","[981, 560]","[936, 616]","[670, 501]","[465, 422]","[902, 439]","[687, 639]","[450, 328]","[570, 444]","[641, 542]",,,,
60,mam_F_R_oly_2X_48.jpg,"[553, 368]","[586, 452]","[510, 418]","[464, 461]","[434, 407]","[1031, 532]","[999, 596]","[697, 516]","[931, 412]","[730, 659]","[734, 658]","[443, 363]","[668, 562]",,,,,,
61,mam_F_R_oly_2X_68.jpg,"[533, 373]","[497, 415]","[458, 452]","[431, 409]","[954, 523]","[925, 574]","[647, 500]","[871, 408]","[689, 627]","[439, 369]","[555, 451]","[630, 536]",,,,,,,
62,mam_F_R_oly_2X_74.jpg,"[530, 372]","[490, 419]","[432, 404]","[410, 418]","[976, 531]","[653, 508]","[453, 454]","[893, 417]","[692, 643]","[409, 364]","[428, 366]","[556, 449]","[636, 538]","[633, 554]",,,,,
63,mam_F_R_oly_2X_76.jpg,"[515, 361]","[564, 431]","[483, 410]","[427, 372]","[406, 415]","[971, 572]","[669, 501]","[450, 449]","[895, 387]","[712, 644]","[408, 351]","[555, 445]","[643, 548]",,,,,,
64,mam_F_R_oly_2X_8.jpg,"[546, 377]","[581, 459]","[504, 428]","[441, 415]","[455, 476]","[1012, 548]","[981, 609]","[676, 529]","[684, 529]","[462, 461]","[925, 427]","[723, 673]","[437, 367]","[274, 936]","[572, 474]","[656, 578]",,,
65,mam_F_R_oly_2X_89.jpg,"[555, 375]","[588, 458]","[509, 423]","[445, 419]","[461, 476]","[1023, 542]","[989, 601]","[697, 520]","[477, 460]","[929, 417]","[728, 659]","[448, 370]","[666, 563]",,,,,,
66,mam_F_R_oly_2X_96.jpg,"[511, 385]","[481, 436]","[433, 421]","[443, 439]","[463, 484]","[410, 450]","[1009, 424]","[987, 488]","[691, 486]","[897, 328]","[764, 609]","[561, 454]","[675, 529]",,,,,,
67,mam_M_R_oly_2X_105.jpg,"[566, 373]","[537, 412]","[488, 403]","[501, 446]","[462, 408]","[983, 519]","[950, 577]","[682, 499]","[893, 411]","[718, 627]","[462, 366]","[481, 373]","[593, 446]","[662, 537]",,,,,
68,mam_M_R_oly_2X_108.jpg,"[586, 380]","[547, 425]","[496, 413]","[509, 475]","[991, 519]","[962, 574]","[704, 502]","[506, 450]","[909, 408]","[742, 626]","[486, 382]","[607, 454]","[684, 545]",,,,,,
69,mam_M_R_oly_2X_125.jpg,"[555, 360]","[585, 429]","[508, 408]","[465, 453]","[437, 408]","[992, 515]","[995, 518]","[963, 571]","[677, 500]","[681, 496]","[476, 445]","[898, 392]","[899, 395]","[720, 628]","[719, 632]","[447, 366]","[571, 451]","[579, 442]","[653, 541]"
70,mam_M_R_oly_2X_130.jpg,"[528, 380]","[489, 429]","[478, 436]","[440, 418]","[466, 487]","[437, 446]","[976, 444]","[959, 502]","[671, 493]","[478, 478]","[868, 350]","[735, 608]","[564, 454]","[660, 525]",,,,,
71,mam_M_R_oly_2X_133.jpg,"[565, 376]","[584, 451]","[499, 414]","[450, 421]","[968, 527]","[934, 582]","[667, 504]","[489, 453]","[883, 413]","[710, 634]","[458, 374]","[649, 538]",,,,,,,
72,mam_M_R_oly_2X_136.jpg,"[551, 366]","[579, 438]","[509, 418]","[440, 412]","[464, 461]","[986, 507]","[951, 565]","[670, 500]","[474, 449]","[884, 390]","[725, 629]","[441, 364]","[569, 452]","[651, 540]",,,,,
73,mam_M_R_oly_2X_14.jpg,"[558, 403]","[597, 460]","[530, 441]","[490, 415]","[499, 477]","[467, 441]","[967, 540]","[934, 595]","[505, 453]","[883, 429]","[715, 645]","[590, 479]","[663, 556]",,,,,,
74,mam_M_R_oly_2X_141.jpg,"[554, 377]","[579, 449]","[509, 422]","[456, 452]","[446, 415]","[966, 526]","[931, 582]","[663, 506]","[477, 450]","[882, 410]","[702, 636]","[454, 370]","[568, 457]","[648, 542]",,,,,
75,mam_M_R_oly_2X_145.jpg,"[549, 368]","[502, 415]","[458, 454]","[439, 409]","[963, 514]","[932, 567]","[662, 497]","[878, 397]","[707, 624]","[441, 366]","[564, 446]","[640, 539]",,,,,,,
76,mam_M_R_oly_2X_18.jpg,"[569, 374]","[497, 412]","[451, 421]","[992, 547]","[995, 546]","[955, 602]","[684, 518]","[490, 458]","[901, 426]","[718, 651]","[593, 456]","[661, 555]",,,,,,,
77,mam_M_R_oly_2X_2.jpg,"[562, 378]","[331, 892]","[499, 418]","[281, 933]","[231, 927]","[238, 959]","[458, 422]","[959, 521]","[929, 576]","[668, 501]","[488, 451]","[873, 409]","[653, 937]","[706, 624]","[456, 371]","[235, 886]","[584, 451]","[346, 961]","[648, 539]"
78,mam_M_R_oly_2X_45.jpg,"[556, 376]","[538, 410]","[487, 407]","[506, 446]","[467, 408]","[946, 515]","[918, 566]","[667, 490]","[865, 407]","[703, 606]","[490, 372]","[592, 451]","[651, 526]",,,,,,
79,mam_M_R_oly_2X_50.jpg,"[584, 399]","[603, 461]","[539, 443]","[497, 412]","[508, 478]","[494, 450]","[978, 550]","[974, 557]","[938, 602]","[722, 647]","[592, 484]","[665, 560]",,,,,,,
80,mam_M_R_oly_2X_55.jpg,"[541, 397]","[556, 459]","[494, 444]","[456, 409]","[465, 481]","[448, 442]","[940, 521]","[943, 525]","[912, 580]","[650, 523]","[855, 415]","[696, 638]","[442, 390]","[638, 556]",,,,,
81,mam_M_R_oly_2X_56.jpg,"[557, 382]","[591, 453]","[531, 416]","[490, 415]","[463, 420]","[945, 540]","[914, 594]","[668, 506]","[500, 451]","[871, 423]","[694, 633]","[484, 378]","[651, 539]",,,,,,
82,mam_M_R_oly_2X_75.jpg,"[578, 366]","[604, 429]","[533, 413]","[482, 400]","[464, 418]","[998, 505]","[971, 560]","[703, 495]","[506, 452]","[909, 391]","[739, 619]","[464, 372]","[479, 371]","[602, 446]","[683, 530]",,,,
83,mam_M_R_oly_2X_78.jpg,"[583, 386]","[536, 428]","[496, 418]","[506, 474]","[987, 532]","[956, 585]","[691, 509]","[685, 521]","[509, 450]","[901, 419]","[737, 634]","[483, 380]","[606, 456]","[677, 548]",,,,,
84,mam_M_R_oly_2X_84.jpg,"[566, 377]","[532, 419]","[489, 410]","[503, 451]","[458, 417]","[983, 515]","[954, 568]","[687, 501]","[896, 406]","[723, 634]","[459, 369]","[596, 450]","[664, 539]",,,,,,
85,mam_M_R_oly_2X_86.jpg,"[563, 381]","[589, 451]","[493, 413]","[457, 421]","[910, 572]","[667, 501]","[494, 454]","[855, 417]","[695, 618]","[452, 373]","[647, 534]",,,,,,,,
86,mam_M_R_oly_2X_92.jpg,"[555, 397]","[581, 462]","[509, 442]","[464, 414]","[464, 489]","[438, 445]","[984, 550]","[984, 554]","[954, 605]","[671, 534]","[477, 476]","[717, 664]","[456, 385]","[567, 479]","[651, 570]",,,,
87,mam_M_R_oly_2X_96.jpg,"[586, 377]","[608, 454]","[545, 421]","[507, 449]","[486, 412]","[984, 567]","[950, 622]","[690, 521]","[900, 446]","[706, 647]","[495, 367]","[669, 558]",,,,,,,
88,samw_F_R_oly_2X_100.jpg,"[553, 345]","[571, 420]","[577, 421]","[488, 383]","[437, 364]","[412, 374]","[999, 572]","[961, 632]","[661, 517]","[454, 418]","[930, 447]","[676, 660]","[444, 323]","[562, 440]","[634, 560]",,,,
89,samw_F_R_oly_2X_101.jpg,"[542, 340]","[570, 420]","[494, 390]","[439, 366]","[442, 438]","[410, 388]","[988, 531]","[958, 583]","[663, 497]","[460, 424]","[907, 405]","[697, 637]","[432, 328]","[562, 438]","[637, 538]",,,,
90,samw_F_R_oly_2X_102.jpg,"[560, 334]","[588, 419]","[513, 385]","[464, 437]","[443, 379]","[1013, 495]","[982, 556]","[686, 480]","[482, 418]","[921, 372]","[725, 615]","[455, 331]","[665, 522]",,,,,,
91,samw_F_R_oly_2X_105.jpg,"[542, 339]","[568, 425]","[482, 388]","[429, 359]","[422, 439]","[392, 384]","[1011, 548]","[1013, 552]","[979, 608]","[668, 509]","[443, 427]","[928, 422]","[701, 664]","[414, 319]","[425, 324]","[554, 440]","[637, 558]",,
92,samw_F_R_oly_2X_11.jpg,"[529, 347]","[564, 424]","[480, 398]","[423, 379]","[439, 447]","[398, 406]","[1013, 505]","[983, 567]","[667, 495]","[914, 381]","[718, 647]","[408, 340]","[555, 442]","[639, 546]",,,,,
93,samw_F_R_oly_2X_17.jpg,"[518, 372]","[526, 371]","[554, 454]","[477, 421]","[429, 407]","[426, 477]","[395, 424]","[982, 531]","[953, 583]","[649, 516]","[445, 460]","[886, 411]","[692, 655]","[407, 365]","[630, 559]",,,,
94,samw_F_R_oly_2X_23.jpg,"[554, 370]","[580, 449]","[504, 421]","[438, 407]","[1002, 538]","[971, 598]","[669, 519]","[464, 463]","[913, 416]","[711, 656]","[440, 361]","[570, 464]","[654, 560]",,,,,,
95,samw_F_R_oly_2X_35.jpg,"[527, 362]","[565, 431]","[480, 411]","[429, 396]","[402, 414]","[980, 519]","[950, 572]","[650, 501]","[445, 451]","[892, 400]","[690, 639]","[412, 363]","[424, 371]","[553, 445]","[632, 545]",,,,
96,samw_F_R_oly_2X_47.jpg,"[556, 363]","[581, 444]","[510, 417]","[461, 462]","[439, 410]","[1005, 516]","[978, 577]","[684, 506]","[474, 450]","[915, 398]","[722, 644]","[444, 363]","[572, 461]","[662, 553]",,,,,
97,samw_F_R_oly_2X_5.jpg,"[568, 428]","[475, 402]","[412, 368]","[388, 410]","[1017, 504]","[987, 563]","[674, 498]","[436, 451]","[916, 381]","[714, 642]","[400, 350]","[560, 445]","[646, 547]",,,,,,
98,samw_F_R_oly_2X_50.jpg,"[551, 358]","[579, 439]","[498, 409]","[439, 379]","[413, 408]","[1028, 533]","[686, 509]","[687, 513]","[457, 453]","[936, 410]","[727, 658]","[430, 351]","[571, 454]","[661, 557]",,,,,
99,samw_F_R_oly_2X_53.jpg,"[537, 345]","[567, 421]","[487, 396]","[429, 374]","[440, 445]","[401, 397]","[1241, 298]","[1001, 507]","[974, 567]","[661, 490]","[453, 428]","[912, 388]","[713, 639]","[410, 331]","[560, 441]","[640, 537]",,,
100,samw_F_R_oly_2X_54.jpg,"[518, 337]","[550, 421]","[462, 386]","[413, 438]","[398, 379]","[981, 510]","[984, 513]","[952, 570]","[651, 489]","[430, 416]","[894, 387]","[687, 634]","[404, 325]","[625, 537]",,,,,
101,samw_F_R_oly_2X_58.jpg,"[542, 360]","[490, 412]","[429, 372]","[406, 415]","[1016, 517]","[987, 578]","[674, 510]","[451, 452]","[925, 398]","[721, 660]","[405, 349]","[566, 450]","[650, 561]", 0.9979621],,,,,
102,samw_F_R_oly_2X_61.jpg,"[550, 340]","[577, 412]","[494, 387]","[441, 376]","[455, 438]","[992, 501]","[995, 499]","[962, 557]","[673, 480]","[455, 409]","[903, 377]","[713, 612]","[437, 334]","[568, 427]","[653, 522]",,,,
103,samw_F_R_oly_2X_69.jpg,"[557, 327]","[584, 414]","[504, 377]","[432, 361]","[416, 378]","[1035, 499]","[1007, 559]","[690, 477]","[463, 423]","[939, 375]","[945, 374]","[736, 624]","[436, 326]","[665, 525]",,,,,
104,samw_F_R_oly_2X_75.jpg,"[539, 360]","[492, 408]","[442, 375]","[414, 407]","[982, 514]","[951, 571]","[658, 498]","[455, 448]","[893, 400]","[698, 633]","[562, 445]","[634, 537]",,,,,,,
105,samw_F_R_oly_2X_78.jpg,"[541, 367]","[579, 441]","[492, 421]","[432, 404]","[445, 477]","[399, 427]","[1020, 508]","[989, 570]","[676, 510]","[461, 460]","[922, 391]","[729, 651]","[410, 361]","[568, 459]","[657, 556]",,,,
106,samw_F_R_oly_2X_88.jpg,"[542, 352]","[538, 355]","[567, 429]","[490, 398]","[444, 379]","[450, 441]","[414, 398]","[989, 529]","[956, 586]","[656, 501]","[443, 417]","[902, 407]","[694, 642]","[435, 344]","[557, 442]","[632, 540]",,,
107,samw_F_R_oly_2X_9.jpg,"[520, 360]","[477, 413]","[393, 414]","[998, 522]","[968, 581]","[659, 509]","[435, 453]","[907, 401]","[707, 652]","[410, 363]","[555, 448]","[642, 559]",,,,,,,
108,samw_F_R_oly_2X_90.jpg,"[554, 352]","[553, 356]","[580, 423]","[502, 400]","[455, 377]","[457, 439]","[443, 408]","[981, 533]","[951, 577]","[656, 493]","[900, 409]","[699, 633]","[451, 343]","[567, 441]","[640, 534]",,,,
109,samw_F_R_oly_2X_97.jpg,"[534, 359]","[567, 429]","[492, 412]","[434, 399]","[456, 449]","[412, 411]","[981, 496]","[952, 557]","[662, 491]","[885, 384]","[892, 384]","[708, 625]","[432, 375]","[563, 444]","[640, 535]",,,,
110,samw_F_R_oly_2X_99.jpg,"[544, 349]","[570, 429]","[490, 396]","[433, 373]","[441, 441]","[407, 389]","[408, 396]","[1010, 558]","[972, 617]","[667, 517]","[445, 427]","[924, 426]","[697, 658]","[429, 335]","[562, 444]","[641, 558]",,,
111,samw_M_R_oly_2X_11.jpg,"[562, 378]","[591, 456]","[498, 420]","[527, 425]","[461, 420]","[475, 478]","[449, 438]","[1002, 510]","[1002, 514]","[978, 569]","[687, 509]","[688, 514]","[488, 460]","[912, 402]","[737, 644]","[450, 376]","[669, 556]",,
112,samw_M_R_oly_2X_15.jpg,"[531, 421]","[485, 403]","[453, 418]","[1001, 526]","[966, 587]","[692, 509]","[689, 513]","[490, 453]","[915, 413]","[723, 648]","[461, 365]","[596, 451]","[666, 558]",,,,,,
113,samw_M_R_oly_2X_17.jpg,"[564, 384]","[590, 461]","[491, 418]","[476, 477]","[455, 426]","[981, 555]","[952, 606]","[683, 524]","[490, 462]","[903, 437]","[721, 657]","[455, 376]","[657, 562]",,,,,,
114,samw_M_R_oly_2X_2.jpg,"[558, 362]","[585, 431]","[512, 411]","[464, 459]","[437, 406]","[984, 517]","[953, 572]","[669, 502]","[476, 441]","[897, 402]","[699, 633]","[449, 363]","[580, 443]","[645, 541]",,,,,
115,samw_M_R_oly_2X_23.jpg,"[543, 373]","[577, 445]","[504, 423]","[460, 474]","[445, 417]","[965, 521]","[933, 577]","[665, 508]","[475, 455]","[883, 409]","[704, 639]","[450, 373]","[568, 460]","[653, 532]",,,,,
116,samw_M_R_oly_2X_24.jpg,"[564, 374]","[530, 419]","[484, 406]","[479, 473]","[455, 423]","[997, 507]","[973, 564]","[692, 504]","[495, 458]","[912, 398]","[729, 633]","[736, 635]","[462, 371]","[595, 450]","[670, 544]",,,,
117,samw_M_R_oly_2X_25.jpg,"[539, 380]","[496, 427]","[447, 413]","[457, 477]","[967, 521]","[934, 578]","[656, 508]","[453, 450]","[878, 407]","[699, 641]","[437, 376]","[563, 458]","[643, 532]","[641, 554]",,,,,
118,samw_M_R_oly_2X_26.jpg,"[538, 352]","[541, 355]","[566, 426]","[500, 401]","[453, 371]","[461, 446]","[432, 408]","[970, 505]","[937, 560]","[662, 491]","[884, 388]","[700, 623]","[432, 350]","[561, 441]","[643, 534]",,,,
119,samw_M_R_oly_2X_31.jpg,"[560, 346]","[587, 419]","[509, 389]","[458, 376]","[464, 439]","[442, 401]","[986, 490]","[960, 547]","[673, 487]","[485, 415]","[903, 379]","[717, 616]","[448, 335]","[579, 436]","[659, 522]",,,,
120,samw_M_R_oly_2X_33.jpg,"[537, 351]","[542, 355]","[566, 425]","[493, 398]","[447, 379]","[460, 443]","[413, 407]","[431, 408]","[986, 516]","[955, 571]","[664, 494]","[907, 399]","[704, 635]","[435, 345]","[557, 444]","[644, 538]",,,
121,samw_M_R_oly_2X_38.jpg,"[602, 367]","[561, 410]","[513, 459]","[485, 409]","[1007, 538]","[977, 594]","[715, 506]","[528, 447]","[929, 419]","[741, 645]","[505, 364]","[616, 453]","[696, 538]",,,,,,
122,samw_M_R_oly_2X_4.jpg,"[561, 375]","[545, 968]","[530, 415]","[484, 957]","[490, 406]","[427, 932]","[497, 445]","[463, 408]","[400, 954]","[950, 518]","[921, 569]","[665, 492]","[877, 408]","[698, 617]","[460, 371]","[484, 369]","[589, 448]","[647, 529]",
123,samw_M_R_oly_2X_42.jpg,"[558, 351]","[555, 360]","[597, 423]","[498, 411]","[528, 400]","[478, 379]","[484, 438]","[450, 400]","[990, 520]","[961, 573]","[682, 491]","[908, 402]","[719, 627]","[461, 346]","[587, 443]","[659, 533]",,,
124,samw_M_R_oly_2X_52.jpg,"[530, 376]","[487, 421]","[433, 402]","[412, 418]","[933, 534]","[901, 593]","[640, 509]","[456, 457]","[857, 418]","[670, 637]","[411, 363]","[428, 368]","[550, 452]","[616, 547]",,,,,
125,samw_M_R_oly_2X_55.jpg,"[559, 359]","[510, 404]","[462, 373]","[461, 447]","[436, 403]","[960, 534]","[929, 586]","[651, 504]","[882, 414]","[688, 642]","[456, 348]","[564, 444]","[632, 541]",,,,,,
126,samw_M_R_oly_2X_63.jpg,"[553, 417]","[599, 470]","[542, 466]","[490, 460]","[510, 517]","[461, 479]","[1015, 460]","[1002, 521]","[713, 521]","[508, 498]","[911, 365]","[782, 636]","[609, 485]","[705, 559]",,,,,
127,samw_M_R_oly_2X_65.jpg,"[555, 366]","[583, 429]","[501, 405]","[468, 449]","[447, 410]","[951, 509]","[953, 514]","[927, 564]","[664, 492]","[485, 442]","[874, 402]","[695, 617]","[460, 365]","[579, 444]","[642, 532]",,,,
128,samw_M_R_oly_2X_67.jpg,"[551, 379]","[582, 449]","[505, 420]","[456, 419]","[951, 503]","[926, 562]","[659, 498]","[486, 456]","[871, 400]","[705, 623]","[460, 379]","[565, 445]","[641, 539]",,,,,,
129,samw_M_R_oly_2X_69.jpg,"[561, 357]","[594, 424]","[509, 403]","[528, 403]","[451, 410]","[996, 492]","[967, 547]","[692, 489]","[486, 444]","[908, 377]","[729, 620]","[456, 352]","[465, 363]","[586, 442]","[672, 528]",,,,
130,samw_M_R_oly_2X_71.jpg,"[551, 381]","[585, 451]","[499, 413]","[453, 422]","[949, 510]","[950, 514]","[926, 565]","[667, 499]","[489, 453]","[868, 406]","[705, 625]","[459, 373]","[644, 539]",,,,,,
131,samw_M_R_oly_2X_76.jpg,"[535, 366]","[555, 425]","[493, 411]","[463, 451]","[438, 408]","[944, 503]","[919, 558]","[647, 492]","[870, 396]","[693, 618]","[446, 369]","[554, 442]","[630, 529]",,,,,,
132,samw_M_R_oly_2X_84.jpg,"[563, 366]","[600, 431]","[528, 415]","[493, 404]","[456, 414]","[992, 501]","[995, 499]","[972, 556]","[692, 495]","[492, 453]","[903, 391]","[730, 626]","[735, 624]","[463, 372]","[593, 449]","[670, 533]",,,
133,samw_M_R_oly_2X_88.jpg,"[579, 366]","[541, 409]","[505, 446]","[467, 408]","[484, 402]","[991, 541]","[957, 596]","[683, 503]","[907, 419]","[719, 637]","[493, 369]","[601, 446]","[666, 542]",,,,,,
134,samw_M_R_oly_2X_92.jpg,"[566, 335]","[592, 412]","[531, 382]","[479, 365]","[448, 383]","[991, 506]","[957, 562]","[684, 477]","[490, 416]","[905, 381]","[714, 610]","[464, 324]","[656, 518]",,,,,,
135,samw_M_R_oly_2X_93.jpg,"[538, 345]","[497, 387]","[459, 420]","[442, 377]","[935, 494]","[902, 545]","[641, 470]","[479, 408]","[850, 383]","[449, 331]","[556, 414]","[619, 506]",,,,,,,
136,samw_M_R_oly_2X_95.jpg,"[557, 356]","[579, 423]","[502, 404]","[459, 378]","[463, 441]","[443, 402]","[970, 520]","[936, 576]","[660, 493]","[886, 403]","[891, 404]","[701, 627]","[453, 347]","[567, 439]","[639, 532]",,,,
137,star_F_R_oly_2X_101.jpg,"[540, 357]","[580, 425]","[501, 404]","[445, 371]","[462, 446]","[428, 406]","[996, 503]","[966, 560]","[667, 497]","[899, 388]","[721, 628]","[431, 351]","[567, 442]","[649, 533]",,,,,
138,star_F_R_oly_2X_105.jpg,"[514, 361]","[465, 409]","[476, 410]","[413, 378]","[416, 455]","[391, 414]","[1000, 524]","[968, 586]","[660, 509]","[437, 449]","[903, 404]","[697, 653]","[406, 349]","[552, 451]","[635, 558]",,,,
139,star_F_R_oly_2X_106.jpg,"[535, 349]","[567, 427]","[485, 397]","[426, 375]","[440, 442]","[402, 400]","[1022, 529]","[988, 592]","[674, 505]","[931, 405]","[715, 655]","[412, 340]","[423, 342]","[555, 442]","[645, 554]",,,,
140,star_F_R_oly_2X_107.jpg,"[531, 367]","[490, 412]","[431, 381]","[404, 406]","[998, 554]","[964, 609]","[662, 521]","[447, 450]","[898, 422]","[696, 664]","[558, 453]","[638, 566]",,,,,,,
141,star_F_R_oly_2X_108.jpg,"[531, 350]","[566, 424]","[486, 397]","[438, 375]","[447, 440]","[411, 400]","[973, 515]","[937, 567]","[660, 489]","[443, 420]","[885, 399]","[693, 622]","[425, 341]","[555, 438]","[633, 531]",,,,
142,star_F_R_oly_2X_15.jpg,"[555, 356]","[591, 431]","[510, 406]","[446, 381]","[460, 447]","[429, 409]","[1035, 555]","[683, 510]","[947, 421]","[723, 664]","[432, 347]","[583, 447]","[661, 559]",,,,,,
143,star_F_R_oly_2X_17.jpg,"[560, 357]","[593, 429]","[514, 403]","[455, 378]","[462, 452]","[425, 406]","[1043, 533]","[1011, 595]","[695, 523]","[947, 409]","[745, 653]","[444, 349]","[586, 445]","[676, 554]",,,,,
144,star_F_R_oly_2X_3.jpg,"[515, 356]","[464, 403]","[403, 382]","[410, 455]","[376, 406]","[1011, 548]","[981, 606]","[658, 520]","[422, 439]","[928, 421]","[700, 672]","[389, 343]","[542, 449]","[633, 570]",,,,,
145,star_F_R_oly_2X_32.jpg,"[534, 351]","[538, 357]","[565, 425]","[497, 404]","[436, 381]","[459, 446]","[413, 407]","[1006, 502]","[978, 562]","[674, 494]","[910, 382]","[720, 635]","[426, 350]","[561, 442]","[651, 540]",,,,
146,star_F_R_oly_2X_35.jpg,"[556, 382]","[587, 459]","[509, 429]","[444, 416]","[458, 479]","[451, 450]","[1019, 541]","[987, 601]","[685, 526]","[490, 449]","[926, 423]","[730, 668]","[441, 374]","[578, 476]","[664, 570]",,,,
147,star_F_R_oly_2X_40.jpg,"[543, 398]","[579, 467]","[500, 449]","[446, 409]","[461, 484]","[426, 445]","[1004, 544]","[978, 604]","[674, 536]","[908, 429]","[721, 668]","[724, 671]","[433, 391]","[567, 487]","[656, 580]",,,,
148,star_F_R_oly_2X_42.jpg,"[554, 370]","[584, 448]","[511, 413]","[461, 458]","[437, 409]","[990, 521]","[961, 572]","[671, 502]","[476, 447]","[897, 404]","[717, 633]","[449, 366]","[649, 544]",,,,,,
149,star_F_R_oly_2X_43.jpg,"[549, 371]","[580, 443]","[508, 417]","[457, 453]","[444, 409]","[948, 523]","[921, 575]","[650, 498]","[866, 407]","[686, 625]","[451, 368]","[567, 449]","[630, 534]",,,,,,
150,star_F_R_oly_2X_44.jpg,"[553, 377]","[583, 452]","[507, 421]","[463, 457]","[448, 419]","[981, 514]","[951, 569]","[675, 504]","[481, 449]","[885, 404]","[714, 628]","[452, 371]","[653, 545]",,,,,,
151,star_F_R_oly_2X_56.jpg,"[546, 362]","[583, 428]","[504, 409]","[463, 452]","[436, 409]","[991, 501]","[995, 498]","[960, 559]","[675, 497]","[897, 388]","[721, 628]","[723, 632]","[447, 367]","[570, 446]","[652, 539]",,,,
152,star_F_R_oly_2X_59.jpg,"[542, 371]","[497, 418]","[441, 403]","[410, 421]","[991, 530]","[957, 585]","[668, 506]","[461, 456]","[908, 414]","[706, 640]","[439, 367]","[566, 451]","[645, 542]",,,,,,
153,star_F_R_oly_2X_6.jpg,"[528, 378]","[489, 420]","[439, 407]","[412, 421]","[935, 524]","[904, 580]","[637, 506]","[454, 456]","[851, 411]","[672, 634]","[433, 370]","[552, 451]","[616, 544]",,,,,,
154,star_F_R_oly_2X_65.jpg,"[558, 379]","[588, 460]","[511, 423]","[463, 463]","[450, 417]","[988, 557]","[957, 605]","[671, 524]","[482, 453]","[905, 435]","[705, 655]","[458, 369]","[653, 564]",,,,,,
155,star_F_R_oly_2X_67.jpg,"[527, 381]","[556, 458]","[481, 426]","[434, 406]","[431, 477]","[397, 427]","[983, 541]","[952, 600]","[656, 523]","[448, 464]","[896, 426]","[702, 663]","[409, 360]","[545, 475]","[635, 567]",,,,
156,star_F_R_oly_2X_7.jpg,"[582, 372]","[540, 419]","[486, 407]","[467, 418]","[989, 522]","[955, 578]","[696, 503]","[505, 452]","[901, 411]","[728, 628]","[483, 371]","[604, 450]","[672, 544]",,,,,,
157,star_F_R_oly_2X_73.jpg,"[537, 342]","[571, 420]","[495, 389]","[440, 373]","[438, 438]","[412, 385]","[1005, 515]","[978, 569]","[666, 490]","[461, 425]","[908, 390]","[705, 637]","[430, 333]","[562, 438]","[639, 535]",,,,
158,star_F_R_oly_2X_78.jpg,"[554, 360]","[580, 439]","[508, 406]","[448, 377]","[456, 443]","[429, 407]","[1004, 534]","[973, 593]","[682, 505]","[915, 409]","[714, 645]","[438, 349]","[569, 451]","[652, 546]",,,,,
159,star_F_R_oly_2X_79.jpg,"[537, 373]","[576, 444]","[488, 423]","[441, 406]","[413, 416]","[986, 526]","[958, 582]","[666, 509]","[459, 458]","[896, 410]","[698, 643]","[431, 370]","[567, 460]","[653, 534]",,,,,
160,star_F_R_oly_2X_80.jpg,"[529, 351]","[558, 424]","[486, 396]","[428, 374]","[436, 443]","[405, 398]","[977, 509]","[975, 516]","[948, 562]","[654, 493]","[453, 424]","[692, 626]","[426, 344]","[552, 439]","[630, 531]",,,,
161,star_F_R_oly_2X_84.jpg,"[530, 338]","[558, 419]","[483, 385]","[430, 366]","[430, 437]","[399, 388]","[1004, 506]","[974, 564]","[665, 486]","[451, 421]","[911, 385]","[710, 627]","[710, 631]","[412, 324]","[424, 329]","[644, 531]",,,
162,star_F_R_oly_2X_90.jpg,"[535, 371]","[577, 445]","[488, 421]","[432, 403]","[438, 476]","[401, 422]","[1010, 536]","[983, 598]","[677, 518]","[453, 458]","[916, 410]","[715, 664]","[425, 365]","[567, 462]","[650, 563]",,,,
163,star_F_R_oly_2X_91.jpg,"[526, 343]","[559, 421]","[478, 389]","[431, 371]","[426, 439]","[401, 386]","[1002, 517]","[968, 580]","[665, 498]","[441, 425]","[905, 396]","[698, 643]","[412, 330]","[550, 439]","[638, 547]",,,,
164,star_M_R_oly_2X_109.jpg,"[585, 384]","[605, 459]","[541, 427]","[495, 417]","[500, 477]","[991, 528]","[958, 587]","[696, 517]","[501, 451]","[908, 417]","[726, 638]","[484, 377]","[673, 550]","[675, 553]",,,,,
165,star_M_R_oly_2X_111.jpg,"[548, 391]","[552, 396]","[586, 462]","[508, 441]","[460, 412]","[467, 496]","[432, 450]","[986, 526]","[956, 583]","[681, 522]","[477, 482]","[895, 414]","[718, 649]","[443, 389]","[577, 482]","[659, 563]",,,
166,star_M_R_oly_2X_125.jpg,"[551, 332]","[578, 407]","[507, 382]","[459, 422]","[440, 374]","[979, 507]","[946, 561]","[660, 481]","[475, 405]","[894, 385]","[698, 608]","[453, 328]","[567, 419]","[642, 517]",,,,,
167,star_M_R_oly_2X_17.jpg,"[557, 391]","[593, 462]","[501, 444]","[528, 441]","[462, 409]","[484, 482]","[454, 449]","[991, 527]","[964, 584]","[692, 524]","[899, 412]","[729, 656]","[446, 390]","[587, 479]","[668, 565]",,,,
168,star_M_R_oly_2X_30.jpg,"[559, 381]","[586, 455]","[505, 421]","[456, 424]","[984, 521]","[955, 579]","[684, 514]","[483, 460]","[885, 406]","[721, 642]","[452, 376]","[656, 555]",,,,,,,
169,star_M_R_oly_2X_34.jpg,"[555, 402]","[587, 459]","[532, 447]","[485, 476]","[458, 445]","[938, 534]","[912, 578]","[502, 447]","[700, 632]","[652, 534]",,,,,,,,,
170,star_M_R_oly_2X_35.jpg,"[563, 379]","[586, 452]","[498, 416]","[454, 418]","[955, 538]","[925, 588]","[666, 507]","[487, 450]","[875, 423]","[695, 635]","[456, 370]","[646, 539]",,,,,,,
171,star_M_R_oly_2X_39.jpg,"[564, 376]","[527, 420]","[496, 410]","[455, 421]","[979, 509]","[979, 515]","[950, 564]","[683, 501]","[490, 454]","[884, 398]","[719, 627]","[458, 373]","[591, 450]","[661, 542]",,,,,
172,star_M_R_oly_2X_46.jpg,"[560, 363]","[587, 430]","[511, 411]","[467, 459]","[438, 414]","[999, 517]","[971, 570]","[689, 500]","[480, 446]","[912, 400]","[723, 635]","[452, 365]","[580, 445]","[663, 545]",,,,,
173,star_M_R_oly_2X_6.jpg,"[541, 384]","[579, 456]","[493, 428]","[446, 415]","[458, 478]","[990, 533]","[962, 593]","[670, 520]","[448, 450]","[899, 411]","[714, 653]","[433, 378]","[566, 466]","[652, 561]",,,,,
174,star_M_R_oly_2X_66.jpg,"[545, 385]","[578, 452]","[505, 426]","[463, 477]","[449, 421]","[451, 444]","[947, 526]","[920, 575]","[660, 506]","[480, 448]","[870, 415]","[695, 632]","[447, 378]","[562, 456]","[639, 541]",,,,
175,star_M_R_oly_2X_71.jpg,"[538, 397]","[487, 438]","[452, 413]","[458, 476]","[439, 443]","[935, 518]","[912, 564]","[651, 507]","[851, 410]","[696, 626]","[435, 390]","[562, 463]","[634, 539]",,,,,,
176,star_M_R_oly_2X_72.jpg,"[527, 397]","[543, 459]","[487, 441]","[438, 416]","[446, 477]","[908, 533]","[878, 583]","[631, 520]","[454, 455]","[827, 426]","[660, 638]","[426, 389]","[614, 557]",,,,,,
177,star_M_R_oly_2X_73.jpg,"[553, 375]","[586, 449]","[502, 416]","[454, 420]","[959, 516]","[931, 567]","[666, 498]","[488, 455]","[878, 406]","[703, 626]","[457, 374]","[642, 539]",,,,,,,
178,star_M_R_oly_2X_75.jpg,"[545, 397]","[578, 461]","[500, 441]","[450, 415]","[462, 485]","[435, 446]","[985, 533]","[664, 526]","[885, 419]","[893, 419]","[721, 654]","[432, 391]","[563, 477]","[653, 563]", 0.9638551],,,,
179,star_M_R_oly_2X_79.jpg,"[541, 388]","[583, 455]","[492, 421]","[463, 443]","[951, 526]","[924, 575]","[663, 506]","[490, 454]","[868, 413]","[705, 626]","[457, 386]","[550, 446]","[644, 538]",,,,,,
180,star_M_R_oly_2X_83.jpg,"[546, 379]","[503, 424]","[456, 464]","[445, 416]","[959, 524]","[929, 582]","[660, 507]","[476, 450]","[875, 412]","[697, 638]","[448, 368]","[564, 454]","[642, 542]",,,,,,
181,star_M_R_oly_2X_90.jpg,"[595, 384]","[601, 449]","[546, 411]","[508, 373]","[503, 439]","[498, 413]","[929, 610]","[884, 654]","[664, 531]","[871, 485]","[667, 642]","[647, 558]",,,,,,,
182,star_M_R_oly_2X_96.jpg,"[555, 366]","[581, 443]","[506, 408]","[467, 454]","[445, 408]","[965, 532]","[931, 586]","[664, 497]","[478, 443]","[882, 410]","[696, 627]","[695, 633]","[460, 365]","[570, 452]","[639, 540]",,,,
183,star_M_R_oly_2X_97.jpg,"[560, 363]","[589, 430]","[501, 409]","[462, 437]","[457, 385]","[458, 403]","[962, 567]","[925, 618]","[664, 503]","[885, 440]","[684, 642]","[462, 345]","[581, 444]","[640, 539]",,,,,
184,tkv_F_R_oly_2X_111.jpg,"[566, 357]","[605, 431]","[519, 403]","[526, 406]","[461, 377]","[466, 461]","[429, 408]","[1064, 528]","[1029, 596]","[711, 514]","[482, 443]","[966, 403]","[755, 664]","[452, 349]","[596, 448]","[691, 565]",,,
185,tkv_F_R_oly_2X_118.jpg,"[567, 383]","[603, 459]","[514, 430]","[453, 415]","[462, 482]","[434, 440]","[1043, 567]","[1012, 624]","[705, 535]","[489, 454]","[954, 438]","[738, 683]","[449, 372]","[589, 478]","[674, 581]",,,,
186,tkv_F_R_oly_2X_19.jpg,"[539, 380]","[571, 460]","[485, 427]","[429, 408]","[398, 968]","[428, 480]","[395, 428]","[1022, 548]","[986, 615]","[671, 534]","[449, 465]","[925, 429]","[715, 685]","[409, 364]","[395, 933]","[559, 478]","[647, 584]",,
187,tkv_F_R_oly_2X_22.jpg,"[533, 366]","[577, 442]","[488, 418]","[428, 396]","[429, 474]","[396, 417]","[1016, 530]","[985, 596]","[673, 518]","[448, 453]","[920, 410]","[719, 666]","[404, 349]","[424, 372]","[567, 461]","[651, 565]",,,
188,tkv_F_R_oly_2X_26.jpg,"[527, 346]","[565, 423]","[483, 397]","[422, 375]","[436, 444]","[391, 399]","[1028, 510]","[1032, 513]","[999, 574]","[673, 499]","[933, 390]","[721, 650]","[402, 334]","[557, 439]","[655, 553]",,,,
189,tkv_F_R_oly_2X_41.jpg,"[545, 332]","[582, 410]","[494, 386]","[440, 364]","[446, 440]","[404, 386]","[1044, 508]","[1048, 507]","[1013, 574]","[696, 488]","[461, 425]","[947, 380]","[730, 637]","[734, 637]","[430, 325]","[570, 428]","[666, 539]",,
190,tkv_F_R_oly_2X_45.jpg,"[519, 363]","[476, 421]","[434, 405]","[399, 420]","[1001, 518]","[971, 579]","[664, 509]","[440, 456]","[904, 396]","[706, 649]","[410, 361]","[553, 448]","[639, 558]",,,,,,
191,tkv_F_R_oly_2X_5.jpg,"[513, 367]","[465, 415]","[411, 467]","[385, 408]","[997, 527]","[967, 593]","[654, 521]","[430, 445]","[898, 407]","[696, 662]","[398, 363]","[671, 17]","[542, 454]","[625, 564]","[629, 565]",,,,
192,tkv_F_R_oly_2X_57.jpg,"[537, 371]","[576, 440]","[492, 423]","[438, 403]","[444, 474]","[411, 423]","[999, 524]","[966, 585]","[675, 510]","[459, 455]","[904, 405]","[715, 647]","[429, 368]","[566, 456]","[648, 556]",,,,
193,tkv_F_R_oly_2X_66.jpg,"[528, 363]","[485, 411]","[423, 380]","[400, 411]","[995, 536]","[966, 596]","[660, 509]","[439, 450]","[903, 409]","[699, 654]","[406, 345]","[555, 446]","[644, 560]",,,,,,
194,tkv_F_R_oly_2X_68.jpg,"[557, 362]","[508, 415]","[416, 417]","[436, 405]","[1057, 533]","[1024, 600]","[705, 515]","[461, 457]","[970, 401]","[752, 668]","[749, 671]","[434, 352]","[443, 366]","[589, 452]","[676, 567]",,,,
195,tkv_F_R_oly_2X_71.jpg,"[546, 350]","[583, 431]","[580, 441]","[499, 404]","[435, 377]","[404, 404]","[1051, 531]","[1016, 600]","[695, 514]","[453, 450]","[950, 405]","[739, 673]","[413, 339]","[573, 457]","[663, 562]",,,,
196,tkv_F_R_oly_2X_78.jpg,"[570, 364]","[515, 418]","[466, 467]","[444, 412]","[1059, 533]","[1028, 593]","[717, 515]","[482, 451]","[966, 405]","[757, 660]","[452, 362]","[601, 450]","[690, 561]",,,,,,
197,tkv_F_R_oly_2X_85.jpg,"[598, 348]","[540, 383]","[487, 338]","[464, 418]","[446, 362]","[1038, 651]","[705, 544]","[481, 412]","[973, 501]","[700, 697]","[484, 310]","[603, 447]","[659, 581]",,,,,,
198,tkv_F_R_oly_2X_88.jpg,"[558, 360]","[510, 417]","[442, 400]","[451, 474]","[413, 423]","[1053, 526]","[1024, 593]","[700, 518]","[464, 462]","[954, 404]","[746, 666]","[442, 364]","[590, 455]","[675, 567]",,,,,
199,tkv_F_R_oly_2X_89.jpg,"[546, 390]","[592, 469]","[506, 441]","[446, 419]","[458, 488]","[416, 445]","[426, 445]","[1039, 550]","[1042, 553]","[1011, 619]","[696, 543]","[945, 431]","[737, 691]","[435, 383]","[582, 485]","[669, 589]",,,
200,tkv_F_R_oly_2X_95.jpg,"[560, 372]","[603, 457]","[514, 426]","[444, 419]","[458, 483]","[1065, 534]","[1035, 602]","[706, 531]","[480, 459]","[963, 411]","[759, 683]","[450, 367]","[590, 476]","[678, 581]","[682, 580]",,,,
201,tkv_F_R_oly_2X_96.jpg,"[580, 339]","[608, 418]","[501, 364]","[532, 380]","[466, 422]","[444, 369]","[1031, 565]","[690, 507]","[486, 411]","[959, 438]","[713, 661]","[478, 326]","[591, 440]","[663, 549]","[664, 554]",,,,
202,tkv_M_R_oly_2X_116.jpg,"[536, 357]","[560, 425]","[493, 403]","[445, 376]","[460, 444]","[429, 406]","[956, 504]","[928, 561]","[656, 491]","[872, 389]","[695, 619]","[428, 352]","[555, 445]","[634, 531]",,,,,
203,tkv_M_R_oly_2X_117.jpg,"[544, 362]","[500, 409]","[462, 450]","[436, 407]","[969, 515]","[934, 572]","[664, 498]","[881, 400]","[702, 628]","[442, 368]","[560, 444]","[639, 540]",,,,,,,
204,tkv_M_R_oly_2X_118.jpg,"[526, 371]","[477, 425]","[427, 407]","[428, 476]","[398, 424]","[1026, 536]","[997, 601]","[677, 522]","[440, 463]","[930, 411]","[722, 668]","[722, 671]","[405, 366]","[564, 457]","[653, 569]",,,,
205,tkv_M_R_oly_2X_124.jpg,"[541, 373]","[577, 448]","[502, 423]","[445, 414]","[456, 476]","[981, 534]","[951, 593]","[668, 518]","[456, 454]","[896, 411]","[704, 649]","[440, 370]","[569, 462]","[649, 559]",,,,,
206,tkv_M_R_oly_2X_13.jpg,"[548, 373]","[580, 447]","[505, 425]","[446, 416]","[460, 475]","[988, 519]","[958, 579]","[672, 509]","[474, 457]","[895, 401]","[716, 643]","[442, 372]","[569, 458]","[657, 537]","[651, 553]",,,,
207,tkv_M_R_oly_2X_135.jpg,"[537, 376]","[491, 423]","[436, 414]","[415, 423]","[969, 538]","[936, 596]","[653, 521]","[458, 455]","[880, 416]","[694, 647]","[437, 368]","[562, 457]","[636, 555]",,,,,,
208,tkv_M_R_oly_2X_15.jpg,"[547, 357]","[564, 425]","[577, 421]","[498, 405]","[442, 369]","[462, 446]","[430, 407]","[984, 499]","[957, 563]","[668, 492]","[894, 388]","[706, 626]","[430, 352]","[562, 442]","[647, 536]",,,,
209,tkv_M_R_oly_2X_18.jpg,"[543, 356]","[561, 426]","[498, 403]","[442, 378]","[461, 445]","[425, 407]","[979, 510]","[980, 514]","[946, 571]","[665, 491]","[702, 627]","[429, 352]","[558, 444]","[639, 536]",,,,,
210,tkv_M_R_oly_2X_23.jpg,"[567, 382]","[591, 461]","[511, 427]","[452, 421]","[466, 478]","[1001, 546]","[974, 607]","[693, 527]","[489, 459]","[919, 427]","[723, 666]","[452, 372]","[666, 572]",,,,,,
211,tkv_M_R_oly_2X_32.jpg,"[561, 388]","[590, 458]","[485, 419]","[480, 478]","[461, 427]","[448, 435]","[966, 545]","[935, 600]","[675, 525]","[499, 456]","[880, 428]","[711, 652]","[464, 379]","[653, 561]",,,,,
212,tkv_M_R_oly_2X_47.jpg,"[546, 376]","[577, 450]","[496, 427]","[445, 413]","[457, 477]","[984, 528]","[953, 593]","[669, 521]","[452, 451]","[895, 409]","[716, 656]","[432, 375]","[567, 466]","[655, 563]",,,,,
213,tkv_M_R_oly_2X_5.jpg,"[548, 370]","[580, 445]","[503, 421]","[442, 417]","[461, 476]","[987, 514]","[956, 573]","[671, 508]","[474, 460]","[893, 398]","[717, 645]","[440, 369]","[568, 459]","[656, 543]","[651, 553]",,,,
214,tkv_M_R_oly_2X_51.jpg,"[561, 360]","[581, 443]","[514, 415]","[463, 463]","[434, 408]","[1006, 519]","[979, 580]","[677, 506]","[681, 505]","[474, 449]","[922, 399]","[722, 646]","[448, 364]","[571, 459]","[655, 547]",,,,
215,tkv_M_R_oly_2X_55.jpg,"[559, 370]","[586, 453]","[513, 423]","[460, 475]","[443, 413]","[992, 535]","[995, 532]","[958, 595]","[737, 460]","[476, 454]","[903, 410]","[716, 650]","[445, 369]","[673, 516]","[654, 555]",,,,
216,tkv_M_R_oly_2X_68.jpg,"[563, 361]","[591, 429]","[508, 406]","[445, 410]","[988, 519]","[959, 575]","[676, 501]","[483, 444]","[896, 401]","[715, 634]","[459, 364]","[583, 449]","[656, 540]",,,,,,
217,tkv_M_R_oly_2X_7.jpg,"[566, 382]","[594, 459]","[511, 425]","[467, 478]","[455, 418]","[998, 544]","[965, 599]","[689, 527]","[488, 461]","[914, 422]","[718, 661]","[457, 372]","[583, 475]","[663, 569]",,,,,
218,tkv_M_R_oly_2X_76.jpg,"[572, 332]","[593, 419]","[498, 365]","[529, 376]","[466, 416]","[447, 368]","[989, 557]","[952, 610]","[682, 495]","[485, 408]","[917, 426]","[697, 637]","[477, 329]","[653, 537]",,,,,
219,tkv_M_R_oly_2X_77.jpg,"[537, 355]","[558, 426]","[491, 397]","[438, 376]","[443, 441]","[413, 399]","[940, 520]","[942, 522]","[921, 566]","[644, 496]","[440, 418]","[862, 400]","[673, 629]","[672, 632]","[428, 345]","[547, 440]","[621, 537]",,
220,tkv_M_R_oly_2X_82.jpg,"[556, 377]","[528, 424]","[488, 418]","[477, 475]","[462, 440]","[975, 498]","[951, 558]","[676, 501]","[485, 458]","[881, 390]","[723, 625]","[461, 374]","[591, 452]","[658, 538]",,,,,
221,tkv_M_R_oly_2X_84.jpg,"[547, 326]","[500, 399]","[906, 698]","[861, 735]","[876, 537]","[603, 444]","[620, 560]",,,,,,,,,,,,
222,tkv_M_R_oly_2X_90.jpg,"[554, 400]","[589, 467]","[513, 445]","[467, 499]","[437, 446]","[983, 539]","[952, 600]","[675, 535]","[479, 482]","[895, 428]","[719, 663]","[459, 407]","[580, 488]","[653, 574]",,,,,
223,tkv_M_R_oly_2X_91.jpg,"[568, 378]","[604, 458]","[491, 416]","[529, 425]","[475, 475]","[449, 424]","[1017, 543]","[984, 603]","[699, 523]","[490, 459]","[931, 420]","[741, 661]","[455, 370]","[673, 564]",,,,,
224,tkv_M_R_oly_2X_93.jpg,"[532, 380]","[561, 455]","[485, 428]","[439, 411]","[447, 477]","[412, 428]","[975, 522]","[946, 584]","[666, 517]","[460, 461]","[884, 411]","[701, 654]","[426, 372]","[642, 561]",,,,,
225,tkv_M_R_oly_2X_98.jpg,"[561, 387]","[591, 459]","[500, 424]","[459, 421]","[445, 437]","[987, 546]","[950, 602]","[682, 524]","[498, 453]","[900, 429]","[715, 651]","[453, 380]","[581, 476]","[660, 562]",,,,,
